{"0": {"precision": 0.8833922261484098, "recall": 0.9551098376313276, "f1-score": 0.9178522257916475, "support": 1047.0}, "1": {"precision": 0.7202380952380952, "recall": 0.4782608695652174, "f1-score": 0.5748218527315915, "support": 253.0}, "accuracy": 0.8623076923076923, "macro avg": {"precision": 0.8018151606932525, "recall": 0.7166853535982725, "f1-score": 0.7463370392616195, "support": 1300.0}, "weighted avg": {"precision": 0.8516399222097102, "recall": 0.8623076923076923, "f1-score": 0.8510932378038059, "support": 1300.0}}
